{"animations":[{"name":"Box anim","property":"position","framePerSecond":60,"dataType":1,"loopBehavior":1,"blendingSpeed":0.01,"keys":[{"frame":0,"values":[-31.633012771606445,0,32.321224212646484,[0,0,0],[0,0,0]]},{"frame":24.719584083838214,"values":[-26.63666534423828,5.02277135848999,34.02145767211914,[0.36436075262152623,0.011165403426635244,-0.34971410415029386],[0.36436075262152623,0.011165403426635244,-0.34971410415029386]]},{"frame":65.53545112166366,"values":[-38.96452331542969,2.8529601097106934,32.845970153808594,[0.4422392879905047,-0.08278792792827502,-0.5529715690795728],[0.4422392879905047,-0.08278792792827502,-0.5529715690795728]]},{"frame":100,"values":[-26.288759231567383,1.000048041343689,34.76675033569336,[0,0,0],[0,0,0]]}],"ranges":[]}]}